,Unnamed: 0,Unnamed: 0.1,Station,Total Sessions,Address,Latitude,Longitude,Distance To Freeway (in miles),num_pois_nearby,concentrated_disadvantage,commute_time,cars_per_home,median_household_income,total_population,pop_below_18,pop_between_18_34,pop_between_34_65,pop_over_65,ev_car_count,total_sessions
0,0,0,AUI-10372,5,"2316 W Martin Luther King Jr Blvd, Los Angeles, CA",34.0107197,-118.3188814,2.1706564560987736,20,0.3613374312064177,31.04545454545455,0.4171821887015224,64225.27272727273,4715.863636363636,1043.939393939394,1331.2878787878788,1844.6515151515152,495.9848484848485,307.8333333333333,5
1,1,1,AUI-10263,159,"1231 S Hill St, Los Angeles, CA",34.0385137,-118.26189,1.977402030906096,99,0.4631292104629496,31.893939393939394,0.4824644758110764,54242.484848484855,3652.090909090909,860.1212121212121,949.030303030303,1419.8787878787882,423.06060606060606,242.3939393939394,159
2,2,2,AUI-10254,57,"942 S Crocker St, Los Angeles, CA",34.0351995,-118.2499719,1.150072388251174,98,0.39093990474269696,31.65151515151515,0.5906834306094358,49977.34848484849,3937.378787878788,936.5,1081.378787878788,1476.9848484848487,442.5151515151515,233.5909090909091,57
3,3,3,AUI-10265,26,"5764 S Vermont Ave, Los Angeles, CA",33.9897875,-118.2911317,3.5515490828637404,30,0.692979955854158,31.818181818181817,0.4552045366456606,50050.16666666666,3981.1969696969695,937.6666666666665,1076.6818181818182,1527.2272727272727,439.6212121212122,137.1818181818182,26
4,4,4,AUI-10218,122,"7150 N Shoup Ave, Los Angeles, CA",34.200029,-118.614541,1.2370966618619246,36,-0.8609890064143906,33.106382978723396,0.9524105855668724,102453.19148936169,4673.95744680851,992.0425531914892,892.4893617021277,1984.4255319148936,805.0,668.8085106382979,122
5,5,5,AUI-10241,17,"20771 W Sherman Way, Los Angeles, CA",34.2011999,-118.4531985,5.869101475444831,33,-0.3943332560110399,31.272727272727273,0.9485674305729924,94287.0,4566.742424242424,979.6363636363636,1051.439393939394,1868.3939393939395,667.2727272727273,486.3181818181818,17
6,6,6,AUI-10201,60,"145 E Olympic Blvd, Los Angeles, CA",34.0401526,-118.2564209,1.3281805703505236,109,0.4284050452757439,31.323076923076922,0.5412577380179391,53695.8,3836.769230769231,918.5538461538463,1007.9230769230768,1460.0461538461539,450.2461538461538,242.83333333333331,60
7,7,7,AUI-10226,139,"1222 S Grand Ave, Los Angeles, CA",34.03928270000001,-118.2635887,1.4106783828660152,100,0.5368486782949875,31.78787878787879,0.4601389679172532,54506.560606060615,3550.7727272727275,826.7727272727273,917.1515151515152,1392.030303030303,414.8181818181818,258.8333333333333,139
8,8,8,AUI-10212,34,"1676 N Hobart Blvd, Los Angeles, CA",34.1013974,-118.3056538,1.3761740733069177,56,0.19089553176540566,29.936507936507937,0.4336512591459713,68991.31746031746,4136.106060606061,707.2424242424244,1196.7727272727273,1700.6515151515152,531.439393939394,546.2424242424241,34
9,9,9,AUI-10244,25,"5617 N Laurel Canyon Blvd, Los Angeles, CA",34.2259818,-118.3978384,4.963802879676463,26,-0.20548581097401533,31.606557377049178,0.7894389065272955,70778.13114754099,4129.924242424242,875.030303030303,1022.7424242424244,1670.0,562.1515151515151,380.25757575757575,25
10,10,10,AUI-10259,205,"4977 N Genesta Ave, Los Angeles, CA",34.16129300000001,-118.503322,1.5207656807128698,59,-0.6014661271314901,31.69230769230769,0.733682621007853,129790.04615384615,3496.439393939394,728.7272727272727,793.8030303030303,1424.6969696969695,549.2121212121212,797.3181818181819,205
11,11,11,AUI-10228,195,"4882 N Libbit Ave, Los Angeles, CA",34.1580375,-118.48802179999998,1.5405174105375652,54,-0.7196157051033638,31.21875,0.8013075967447432,127552.265625,3879.348484848485,785.7121212121212,855.6969696969697,1582.8181818181818,655.1212121212121,805.030303030303,195
12,12,12,AUI-10345,82,"5093 Alonzo Ave, Los Angeles, CA",34.16253270000001,-118.520257,1.5803909365370283,30,-0.6991816310995567,31.968253968253972,0.6916301437682157,126752.98412698413,4087.303030303031,836.2424242424244,875.1666666666665,1735.090909090909,640.8030303030303,701.7272727272727,82
13,13,13,AUI-10248,29,"20217 Prairie St, Los Angeles, CA",34.2392059,-118.5733855,2.1359996009633018,14,-0.6510490409714008,33.25423728813559,0.8071132820017113,94625.33898305084,3997.6721311475408,808.983606557377,886.9016393442622,1676.2459016393445,625.5409836065572,630.1147540983608,29
14,14,14,AUI-10328,5,"25825 Normandie Ave, Los Angeles, CA",33.7893434,-118.2974987,1.794324228282144,27,-0.3739253650802652,29.08695652173913,0.718744625783356,107085.0,3185.833333333333,685.3333333333334,607.4545454545455,1317.0757575757575,575.969696969697,562.4,5
15,15,15,AUI-10237,12,"25820 S Western Ave, Los Angeles, CA",33.78875120000001,-118.3074043,2.697257404774312,31,-0.89568893619223,30.13636363636364,0.6870164424110411,104010.45098039217,3517.106060606061,739.5,625.6666666666666,1434.2727272727273,717.6666666666665,625.8939393939394,12
16,16,16,AUI-10214,35,"1557 W 19th St, Los Angeles, CA",33.7270625,-118.3105717,1.8102463681481435,19,-0.2603969960157905,29.47826086956522,0.4852084139874227,90274.62068965516,1606.1363636363635,324.59090909090907,296.1818181818182,655.5,329.8636363636364,650.8,35
17,17,17,AUI-10262,217,"12412 W Moorpark St, Los Angeles, CA",34.150277,-118.403516,1.4183342708973623,56,-0.20288787938546907,29.11111111111111,0.6767639003980312,109533.67213114754,3840.560606060606,710.5606060606059,914.7878787878788,1608.2121212121212,607.0,662.3181818181819,217
18,18,18,AUI-10224,96,"23743 W Roscoe Blvd, Los Angeles, CA",34.219302899999995,-118.644998,2.4688680796390194,17,-0.6558615541830629,31.815789473684212,0.7570798941339537,93264.57894736844,4649.9473684210525,937.3684210526317,984.3684210526317,2003.1315789473686,725.078947368421,613.7894736842105,96
19,19,19,AUI-10269,89,"17729 Chatsworth Ave, Los Angeles, CA",34.265103700000004,-118.5208745,1.840021391562077,31,-0.5715224036141849,32.609375,0.9744542522943572,81512.734375,4702.757575757576,1099.0151515151517,1064.7727272727273,1929.2272727272727,609.7424242424242,468.16666666666674,89
20,20,20,AUI-10205,89,"6710 Platt Ave, Los Angeles, CA",34.1925151,-118.6425347,2.3576982174984,26,-0.6853384951453575,34.56818181818182,0.8732887132978007,106356.97727272726,5054.818181818182,1069.3863636363637,976.7954545454544,2151.909090909091,856.7272727272727,716.8409090909091,89
21,21,21,AUI-10255,2,"290 N Mission Road, Los Angeles, CA",34.0506258,-118.2270707,1.3222196372219268,41,0.3277146649844561,31.303030303030305,0.5250723835673362,55807.106060606064,3897.515151515152,852.1363636363636,1129.969696969697,1440.8636363636365,474.54545454545456,277.6060606060606,2
22,22,22,AUI-10268,20,"17832 Plummer Street, Los Angeles, CA",34.2428198,-118.5227509,2.6446498930369966,32,-0.483677052955273,33.80645161290323,0.923322695899628,79888.17741935482,3884.303030303031,849.030303030303,842.3484848484848,1607.6969696969695,585.2272727272727,528.6666666666666,20
23,23,23,AUI-10257,6,"20321 W Saticoy St, Los Angeles, CA",34.208268100000005,-118.4721919,5.066727533300207,26,-0.2340156642635877,31.59090909090909,0.8343941830256147,79530.74242424242,4603.681818181818,880.4393939393941,1257.8181818181818,1810.9242424242425,654.5,487.1911764705882,6
24,24,24,AUI-10274,14,"651 W 1st, Los Angeles, CA",33.78102020000001,-118.2694377,2.2556281325092224,31,-0.3217239005163118,30.18367346938776,0.678148119208279,94259.32142857145,3920.818181818182,846.3181818181819,881.8484848484848,1615.3636363636365,577.2878787878788,488.22807017543863,14
25,25,25,AUI-10245,102,"9200 Venice Blvd, Los Angeles, CA",34.0263805,-118.3933239,1.7632580711787709,67,0.12472881302177538,27.75757575757576,0.5007663546820399,91647.75806451614,4630.151515151515,742.7575757575756,1530.3787878787882,1752.6818181818182,604.3333333333334,577.4848484848485,102
26,26,26,AUI-10216,80,"4712 W Washington Blvd, Los Angeles, CA",34.0395664,-118.3420489,4.8316880374952165,35,0.4161008239726717,30.71212121212121,0.3436532718607366,68253.42424242424,4278.151515151515,810.1060606060606,1152.8484848484848,1702.0,613.1969696969697,421.3787878787878,80
27,27,27,AUI-10273,307,"13310 W Bluff Creek Dr, Los Angeles, CA",33.9681023,-118.4262923,1.2306239008917073,47,0.1414843674814838,28.027777777777782,0.3848780757308457,73193.91666666669,2788.7727272727275,549.0151515151515,712.6515151515152,1140.5757575757575,386.53030303030295,453.9318181818182,307
28,28,28,AUI-10270,10,"9037 Loyola Blvd, Los Angeles, CA",33.957465899999995,-118.4177188,2.3276529998243185,31,-0.03547408254791292,28.75555555555556,0.4759859143851222,85831.97777777778,3224.9242424242425,686.939393939394,727.3787878787879,1339.3181818181818,471.2878787878788,662.1333333333333,10
29,29,29,AUI-10232,83,"1724 W Century Blvd, Los Angeles, CA",33.9453286,-118.3073544,1.9828689963255035,16,0.7769571580834932,31.12698412698413,0.6440105955165192,56485.063492063484,4800.424242424242,1258.5454545454545,1172.6666666666667,1795.1969696969695,574.0151515151515,226.33333333333331,83
30,30,30,AUI-10256,10,"8843 S St Andrews Pl, Los Angeles, CA",33.9573684,-118.3116296,2.279602458621384,25,0.5669123328532639,31.765625,0.6582673949371909,55826.3125,4874.681818181818,1211.439393939394,1238.6969696969695,1859.257575757576,565.2878787878788,241.0909090909091,10
31,31,31,AUI-10230,12,"8923 S Western Ave, Los Angeles, CA",33.9556072,-118.3092868,2.0810923206470524,23,0.5861253667869284,31.74603174603175,0.6588600905883975,56165.8253968254,4767.287878787879,1211.969696969697,1197.8030303030305,1800.6818181818182,556.8333333333334,252.66666666666663,12
32,32,32,AUI-10234,59,"3145 S Vermont Ave, Los Angeles, CA",34.0262389,-118.291681,1.6555100649254468,60,0.41026377611936493,31.875,0.4013981640185371,58148.6875,3920.166666666666,751.7727272727273,1139.469696969697,1565.090909090909,463.83333333333326,285.8030303030303,59
33,33,33,AUI-10240,107,"3540 W 3rd St, Los Angeles, CA",34.0687591,-118.2931096,1.2922310522018416,89,1.223655750467393,28.95522388059701,0.3855325056570246,60700.13333333332,3468.8208955223877,679.0149253731344,990.3880597014926,1382.5820895522388,416.8358208955224,440.3787878787878,107
34,34,34,AUI-10239,143,"19054 N Kittridge St, Los Angeles, CA",34.1902212,-118.5485848,1.7847283361255426,18,-0.8570084941961884,32.769230769230774,0.9564716502279234,110354.5076923077,4416.030303030303,921.0757575757576,874.1363636363636,1851.1969696969695,769.6212121212121,595.1666666666666,143
35,35,35,AUI-10225,43,"23385 W Burbank Blvd, Los Angeles, CA",34.1722467,-118.6443485,1.7412752231701814,0,-0.7600878968133618,36.35416666666666,0.8749756417388848,113761.27083333331,4352.905660377359,948.9056603773583,768.1320754716983,1926.6037735849054,709.2641509433963,590.5849056603772,43
36,36,36,AUI-10223,9,"18401-18435 Kittridge St, Los Angeles, CA",34.1902425,-118.5335015,2.0140737231251142,30,-0.4752163231222775,31.924242424242426,0.7578152352327471,101587.36363636363,4446.166666666667,969.2424242424244,965.6969696969696,1781.833333333333,729.3939393939394,579.6417910447761,9
37,37,37,AUI-10203,29,"6813 N Hayvenhurst Ave, Los Angeles, CA",34.166923,-118.4923732,1.427323908551982,18,-0.5991755634384911,32.121212121212125,0.8257706143183221,123899.80303030302,4098.30303030303,855.9848484848485,900.6515151515152,1684.0757575757575,657.5909090909091,692.1363636363636,29
38,38,38,AUI-10202,12,"6013 W Cadillac Ave, Los Angeles, CA",34.037672,-118.37471399999998,3.0617800266793664,30,-0.0213613362197406,30.318181818181817,0.4723669738751445,83827.63636363638,4034.606060606061,706.6060606060606,1052.621212121212,1623.909090909091,651.469696969697,572.3333333333334,12
39,39,39,AUI-10253,116,"587 S Hobart Blvd, Los Angeles, CA",34.0638047,-118.3055059,2.1547804724392035,94,1.3346046696949243,29.015625,0.3982188979093762,63665.29310344828,3543.134328358209,630.179104477612,1020.2238805970151,1452.5223880597016,440.2089552238806,576.560606060606,116
40,40,40,AUI-10215,107,"609 W Alpine St, Los Angeles, CA",34.063369,-118.241175,1.5155215110652418,99,0.4975353771638968,31.53030303030303,0.4751988036703842,53851.454545454544,3542.378787878788,767.030303030303,1077.1515151515152,1284.3484848484848,413.8484848484849,316.1363636363636,107
41,41,41,AUI-10219,138,"6438 N Fulton Ave, Los Angeles, CA",34.18744,-118.422412,1.5956351757458818,29,-0.5384342793425311,30.33333333333333,0.8989279597082038,105756.45,3511.121212121212,739.8181818181819,786.8939393939394,1464.3636363636365,520.0454545454545,545.0454545454545,138
42,42,42,AUI-10242,71,"1109 South La Brea Ave, Los Angeles, CA",34.054634,-118.343996,1.9149350103897267,49,0.11347754929739012,29.75757575757576,0.4661672075780077,91840.54545454547,4076.681818181818,762.469696969697,1082.969696969697,1607.666666666667,623.5757575757576,564.1818181818181,71
43,43,43,AUI-10272,61,"7614 N Louise Ave, Los Angeles, CA",34.2088705,-118.5096412,2.7839990449582435,27,-0.5664333003840549,32.60606060606061,0.9218556970773524,93132.95454545453,4540.5,953.9848484848483,984.1060606060606,1890.2121212121206,712.1969696969697,583.0454545454545,61
44,44,44,AUI-10260,35,"9866 N De Soto Ave, Los Angeles, CA",34.249545,-118.5883922,1.3736632785215643,26,-0.7732402207164064,31.660714285714285,0.9308329387534598,99503.71428571428,3760.017857142857,766.0892857142858,851.5178571428571,1595.5,546.9107142857143,550.2321428571429,35
45,45,45,AUI-10258,20,"11118 S Main St, Los Angeles, CA",33.93414600000001,-118.2737655,1.333340257363653,26,0.7975484152665234,30.863636363636363,0.7780014412427665,49459.681818181816,4870.272727272727,1306.0,1289.378787878788,1800.3030303030305,474.59090909090907,162.77272727272728,20
46,46,46,AUI-10222,13,"3840 S Western Ave, Los Angeles, CA",34.016127000000004,-118.30875690000002,1.8904321842250391,28,0.4376862245708123,30.696969696969692,0.3516232889956538,61465.77272727273,4231.106060606061,845.3636363636364,1203.590909090909,1655.7121212121212,526.439393939394,285.93939393939394,13
47,47,47,AUI-10209,39,"11730 National Blvd, Los Angeles, CA",34.02189370000001,-118.4394675,1.613783640247963,28,-0.7153634811082866,27.88888888888889,0.700033025379736,135293.92592592593,3347.575757575757,597.6060606060606,692.6818181818181,1363.030303030303,694.2575757575756,735.9807692307692,39
48,48,48,AUI-10210,77,"11667 W Santa Monica Blvd, Los Angeles, CA",34.044141,-118.455429,1.3220986588349188,60,-0.7546677404747459,27.210526315789476,0.6584546201972522,148951.73684210525,3266.6363636363635,586.7272727272727,693.5151515151515,1340.2121212121212,646.1818181818181,911.0,77
49,49,49,AUI-10213,81,"10478 W Wilshire Blvd, Los Angeles, CA",34.0647503,-118.4310256,2.6387387436898067,19,-0.8026724194142918,27.96969696969697,0.6102540479252875,144915.63636363635,3704.363636363637,661.6818181818181,819.6060606060606,1541.2878787878788,681.7878787878788,869.1212121212121,81
50,50,50,AUI-10211,67,"8334 Lincoln Blvd, Los Angeles, CA",33.9618772,-118.4208079,2.159787836011063,39,0.11273497584775985,28.09756097560976,0.3884735605427037,75986.58536585367,2881.621212121212,548.9242424242424,736.0151515151515,1166.939393939394,429.74242424242425,528.5333333333333,67
51,51,51,AUI-10221,13,"12159 W Olympic Blvd, Los Angeles, CA",34.032711,-118.4550231,1.2355829905297593,41,-0.8585278676933937,26.962264150943398,0.6190319007826279,147994.0377358491,3714.5,675.3333333333334,782.1515151515152,1593.166666666667,663.8484848484849,896.7254901960785,13
52,52,52,AUI-10217,135,"6646 W Sunset Blvd, Los Angeles, CA",34.0978525,-118.3348393,1.099057980761517,121,0.9212535620076322,27.74242424242424,0.4954144943628052,99566.91525423726,4007.9848484848494,762.1363636363636,955.4393939393941,1674.469696969697,615.939393939394,590.4545454545455,135
53,53,53,AUI-10208,242,"12237 W Santa Monica Blvd, Los Angeles, CA",34.04001179999999,-118.46559340000002,1.4316379821767091,58,-0.8737165350531375,26.94339622641509,0.6493244417747315,158582.69811320756,3310.7575757575764,612.7878787878788,681.3333333333334,1383.6818181818182,632.9545454545455,943.1372549019608,242
54,54,54,AUI-10271,21,"11816 W Major St, Los Angeles, CA",33.984934,-118.4002577,1.3902744663637612,47,0.2902849836377985,28.75,0.4564974752052614,75499.36538461539,2978.3030303030305,646.3484848484849,701.0909090909091,1222.3484848484848,408.5151515151515,483.4285714285714,21
55,55,55,AUI-10252,60,"11677 San Vicente Blvd, Los Angeles, CA",34.054247100000005,-118.4651397,1.2607145340407881,63,-0.8209903253165127,26.82758620689655,0.6134230183183417,154936.06896551725,3222.348484848485,643.0909090909091,617.9090909090909,1303.530303030303,657.8181818181819,965.9107142857144,60
56,56,56,AUI-10250,6,"8624 S Wilton Pl, Los Angeles, CA",33.9591244,-118.314752,2.3793844517582605,26,0.7413719891673631,31.661290322580644,0.638322191150528,55533.951612903234,4926.621212121212,1277.1515151515152,1227.8484848484848,1848.742424242424,572.8787878787879,255.3636363636364,6
57,57,57,AUI-10246,46,"1516 N North Spring St, Los Angeles, CA",34.06782860000001,-118.2305633,1.6093304398318509,63,0.2463047255106381,30.03030303030303,0.4711416633687469,59479.75384615385,3599.151515151515,699.5606060606059,1058.9545454545455,1350.4242424242425,490.2121212121212,308.4848484848485,46
58,58,58,AUI-10220,23,"616 W Washington Blvd, Los Angeles, CA",34.0347482,-118.2737356,0.7036071838941607,50,0.5186181488345231,31.841269841269842,0.4430833050912689,55107.92063492064,3397.833333333333,756.5909090909091,890.969696969697,1347.1818181818182,403.09090909090907,246.5909090909091,23
59,59,59,AUI-10243,3,"13076 W Sherman Way, Los Angeles, CA",34.2011905,-118.4515324,2.7052017342161454,33,-0.37829970532241214,31.34848484848485,0.9486278115660446,94092.51515151515,4610.212121212121,1003.5606060606059,1054.3181818181818,1873.242424242424,679.0909090909091,479.3484848484849,3
60,60,60,AUI-10204,150,"2843 S Flower St, Los Angeles, CA",34.0262014,-118.2760072,1.2986327878200463,62,0.5448738613496129,31.609375,0.4553696768439214,54089.28125,3770.833333333334,847.9393939393941,1020.8484848484848,1471.5,430.54545454545456,249.3181818181818,150
61,61,61,AUI-10200,207,"182 S Alameda St, Los Angeles, CA",34.047486,-118.2378968,1.4570680900623056,122,0.32509369919069725,32.134328358208954,0.5423195863790109,55092.02985074627,3805.9701492537324,875.6268656716417,1049.8358208955224,1428.044776119403,452.46268656716416,275.0,207
62,62,62,AUI-10227,49,"19135 W Victory Blvd, Los Angeles, CA",34.186682,-118.549965,1.7559755524187362,18,-0.7647924689881588,32.25806451612903,0.823351069579225,117371.0,4207.353846153847,887.7692307692308,832.0615384615386,1754.1692307692306,733.3538461538461,614.8358208955224,49
63,63,63,AUI-10235,102,"12387 W Osborne St, Los Angeles, CA",34.2609217,-118.4031581,2.0277602427091344,22,-0.12868231403322447,33.666666666666664,1.125529784758622,67552.22727272728,3746.212121212121,811.6818181818181,919.469696969697,1491.6363636363635,523.4242424242424,408.8484848484849,102
64,64,64,AUI-10206,108,"6765 W Foothill Blvd, Los Angeles, CA",34.2479199,-118.2792176,1.7193421709308891,26,-0.7131158940123303,33.09523809523809,1.1896763095992051,96220.20634920636,2658.212121212121,517.9090909090909,496.0151515151515,1167.2272727272727,477.06060606060606,419.66666666666674,108
65,65,65,AUI-10266,25,"12518 W Oxnard St, Los Angeles, CA",34.180236,-118.5055565,2.007965032849885,6,-0.35227278439141946,31.53030303030303,0.7932581197492135,112005.71212121213,3927.7727272727284,786.5,1022.3333333333335,1546.6818181818182,572.2575757575758,650.5147058823529,25
66,66,66,AUI-10264,45,"12728 W Sherman Way, Los Angeles, CA",34.2011905,-118.4515324,2.7052017342161454,33,-0.37829970532241214,31.34848484848485,0.9486278115660446,94092.51515151515,4610.212121212121,1003.5606060606059,1054.3181818181818,1873.242424242424,679.0909090909091,479.3484848484849,45
67,67,67,AUI-10229,121,"15596 W Roxford St, Los Angeles, CA",34.3116785,-118.47127240000002,1.7020461485417018,12,-0.1070304507486219,36.34848484848485,1.214405192079809,76779.07575757576,3101.121212121212,667.2272727272727,699.5151515151515,1283.6969696969695,450.6818181818182,455.1060606060606,121
68,68,68,AUI-10247,25,"13194 W Sherman Way, Los Angeles, CA",34.2011905,-118.4515324,2.7052017342161454,33,-0.37829970532241214,31.34848484848485,0.9486278115660446,94092.51515151515,4610.212121212121,1003.5606060606059,1054.3181818181818,1873.242424242424,679.0909090909091,479.3484848484849,25
69,69,69,AUI-10251,96,"1348 Abbot Kinney Blvd, Los Angeles, CA",33.990557,-118.46648229999998,1.0573033125432274,63,-0.5230780394017379,27.181818181818183,0.4629139149486092,128566.96875,2362.5076923076917,426.26153846153846,594.8,952.0,389.4461538461537,815.2894736842105,96
70,70,70,AUI-10267,12,"13629 W Sherman Way, Los Angeles, CA",34.2019429,-118.4512499,1.8420144574442965,33,-0.3787195500284709,31.40909090909091,0.9485891416341512,94068.19696969698,4616.257575757576,1013.5151515151517,1041.2272727272727,1882.8636363636365,678.6515151515151,481.46969696969705,12
71,71,71,AUI-10249,126,"3773 Motor Ave, Los Angeles, CA",34.02090310000001,-118.4045579,1.508422013164556,68,0.20888421663380916,28.63636363636364,0.4360878028893882,95278.8870967742,4598.727272727273,670.6515151515151,1442.1060606060605,1816.742424242424,669.2272727272727,632.1515151515151,126
72,72,72,AUI-10236,18,"840 Imperial Hwy, Los Angeles, CA",33.9308114,-118.2907242,1.357509435381717,18,0.5185469408942877,31.04545454545455,0.7867047699682782,52339.86363636363,5068.060606060606,1303.560606060606,1330.590909090909,1904.9545454545453,528.9545454545455,168.57575757575756,18
73,73,73,AUI-10233,111,"4121 Valley Blvd, Los Angeles, CA",34.06483,-118.194347,1.587543082946491,30,-0.06357980025092326,30.318181818181817,0.4656556156183699,60519.34848484849,3843.151515151515,732.3787878787879,1023.2424242424244,1521.6060606060605,565.9242424242424,373.93939393939394,111
74,74,74,AUI-10231,70,"1862 Robertson Blvd, Los Angeles, CA",34.0452966,-118.3865051,2.8305021300596587,29,0.2728054618070324,29.818181818181817,0.5070149257190404,95388.85483870967,4296.878787878788,729.1515151515152,1155.6818181818182,1695.5,716.5454545454545,623.5454545454545,70
75,75,75,AUI-10238,12,"8931 Venice Blvd, Los Angeles, CA",34.0288024,-118.3898835,2.008304834776426,66,0.10113793380963453,27.59090909090909,0.4980484180778777,92992.64516129033,4634.545454545455,813.6818181818181,1365.090909090909,1792.2272727272727,663.5454545454545,603.6363636363636,12
76,76,76,AUI-10289,71,"4940 Paso Robles Ave, Los Angeles, CA",34.1609594,-118.5018593,1.6060211398586002,59,-0.5845776118440451,32.07692307692308,0.7310202834889437,130442.52307692307,3454.8030303030305,713.4242424242424,784.6060606060606,1408.1060606060605,548.6666666666666,794.469696969697,71
77,77,77,AUI-10285,12,"10928 W Pico Blvd, Los Angeles, CA",34.03898820000001,-118.4303435,1.490009621744329,48,-0.5048982015935436,28.09090909090909,0.5050859408688274,128185.69696969698,4994.69696969697,786.8939393939394,1222.7121212121212,2181.090909090909,804.0,763.0757575757576,12
78,78,78,AUI-10291,18,"4647 Marmion Way, Los Angeles, CA",34.099644399999995,-118.2054051,2.2252847408522785,34,-0.0416602641297962,29.49230769230769,0.4502852467556525,78042.8125,4034.7384615384613,725.1692307692308,986.7076923076925,1625.0461538461539,697.8153846153847,448.1363636363636,18
79,79,79,AUI-10293,19,"7224 Valjean Ave, Los Angeles, CA",34.2019408,-118.4857003,1.5179752465426544,21,-0.362267776104943,31.10606060606061,0.9153189776895668,93799.72727272726,4708.530303030303,944.7424242424244,1156.3030303030305,1882.090909090909,725.3939393939394,504.7910447761194,19
80,80,80,AUI-10280,28,"16501 Otsego St, Los Angeles, CA",34.162938200000006,-118.4926688,1.7089480432571271,57,-0.6593878578464148,31.90909090909091,0.8591800764112604,126471.01515151515,3790.833333333334,770.3939393939394,824.530303030303,1552.9848484848487,642.9242424242424,738.6212121212121,28
81,81,81,AUI-10277,36,"4424 Wesley Ave., Los Angeles, CA",34.0029364,-118.2876652,1.288002764161092,34,0.6103275732339,31.863636363636363,0.40395038670752254,49359.2,3818.590909090909,819.4090909090909,1005.9242424242424,1517.7424242424242,475.5151515151515,211.83333333333331,36
82,82,82,AUI-10279,15,"18235 South Figueroa St, Los Angeles, CA",33.8654075,-118.2819881,3.5527576690894844,10,-0.01529071540942977,31.311475409836067,0.92972592027128,68737.62295081968,4149.712121212121,958.6969696969696,1026.8030303030305,1605.8787878787882,558.3333333333334,284.3030303030303,15
83,83,83,AUI-10284,14,"15321 S Figueroa St, Los Angeles, CA",33.8921709,-118.283233,2.700534301898286,21,0.5379684304011901,31.516666666666666,0.7682334569222257,56244.2,4640.560606060606,1172.3939393939395,1163.030303030303,1780.6363636363635,524.5,219.0909090909091,14
84,84,84,AUI-10283,49,"18401 Burbank Blvd, Los Angeles, CA",34.1720633,-118.5337705,1.2812318381702472,51,-0.5852423830176938,31.87692307692308,0.6779380886044191,122224.67692307693,4330.939393939394,890.6969696969697,1003.4242424242424,1786.3030303030305,650.5151515151515,656.1515151515151,49
85,85,85,AUI-10286,32,"7245 Canoga Ave, Los Angeles, CA",34.202333,-118.597861,0.900760772312235,36,-0.9069356659684636,34.14035087719298,0.9512107041333736,104045.08771929824,4538.771929824561,914.8070175438595,892.543859649123,1918.578947368421,812.8421052631578,627.6140350877192,32
86,86,86,AUI-10326,19,"5962 San Vicente Blvd, Los Angeles, CA",34.0567988,-118.3615579,2.1020419688983782,58,-0.06070564133375446,30.123076923076926,0.4949017642429197,93164.72307692307,4226.153846153846,759.7538461538461,1047.5384615384612,1729.2,689.6615384615385,552.439393939394,19
87,87,87,AUI-10315,5,"14901 Rinaldi street, Los Angeles, CA",34.2793651,-118.45746,1.7934604826775795,24,-0.5330442138850602,35.328125,1.2119722681113032,82215.625,3161.4328358208954,663.2686567164178,726.820895522388,1292.7164179104475,478.62686567164184,467.73134328358213,5
88,88,88,AUI-10282,31,"10455 W Magnolia Blvd, Los Angeles, CA",34.1651823,-118.3590241,1.406205747072072,43,0.6723764706526306,27.476923076923075,0.7348558820051914,103618.60344827586,3590.848484848485,656.439393939394,803.7272727272727,1579.6818181818182,551.0,601.8636363636364,31
89,89,89,AUI-10308,186,"3117 Temple St., Los Angeles, CA",34.075306,-118.280769,2.0438043146624585,42,1.4932356038741954,29.34848484848485,0.3668126083218182,57776.88333333332,3556.560606060606,716.4545454545455,1071.8484848484848,1383.2272727272727,385.03030303030295,402.25757575757575,186
90,90,90,AUI-10314,30,"20124 Sherman Way, Los Angeles, CA",34.200408,-118.5718745,2.267881905781904,31,-0.9476196867560752,33.935483870967744,1.0189136763407145,108130.58064516127,4039.151515151515,808.9545454545455,801.5151515151515,1686.0,742.6818181818181,566.5074626865671,30
91,91,91,AUI-10309,37,"8245 Winnetka Ave, Los Angeles, CA",34.2198591,-118.5713659,2.2057571767201374,19,-0.9548967033426616,34.10526315789474,0.8450949093399373,103582.94736842104,3884.5,822.859375,692.078125,1660.1875,709.375,645.59375,37
92,92,92,AUI-10288,28,"1747 S Barrington Ave, Los Angeles, CA",34.04013,-118.4534103,1.2790964095801605,50,-0.7568531348815476,27.535714285714285,0.6559577785826435,146658.8392857143,3425.575757575757,619.2272727272727,718.469696969697,1422.1969696969695,665.6818181818181,914.3888888888887,28
93,93,93,AUI-10298,3,"10416 Irene St, Los Angeles, CA",34.029833700000005,-118.4116094,1.4191182859653548,37,-0.39690925418031203,28.772727272727273,0.5415252330855961,113396.75757575755,4817.469696969697,784.7727272727273,1213.5151515151515,2023.409090909091,795.7727272727273,705.1212121212121,3
94,94,94,AUI-10302,84,"722 Alameda St, Los Angeles, CA",34.032807899999995,-118.238363,13.992834762231825,80,0.6022922496132241,32.35820895522388,0.6481279187029406,51728.55223880597,3859.8955223880603,876.3880597014926,1117.2238805970148,1427.5074626865674,438.77611940298516,210.0,84
95,95,95,AUI-10287,95,"2900 S Sepulveda Blvd, Los Angeles, CA",34.028657700000004,-118.4290429,1.2925486282034384,26,-0.4860664938744243,27.677419354838708,0.6315202534072677,128087.74193548385,4337.227272727273,702.3484848484848,1015.6060606060606,1785.2121212121212,834.0606060606059,706.728813559322,95
96,96,96,AUI-10321,53,"6510 Forest Lawn Drive, Los Angeles, CA",34.1463664,-118.33349309999998,1.4610510939801111,36,-0.10818727161214048,30.49206349206349,0.5330625636581848,98554.51612903227,3929.4696969696975,709.6515151515152,893.530303030303,1738.666666666667,587.6212121212121,497.4782608695652,53
97,97,97,AUI-10322,24,"11320 Laurel Canyon Blvd, Los Angeles, CA",34.2760489,-118.4498162,2.250430818099208,29,-0.4907920999411047,35.333333333333336,1.1433041532009791,78863.79365079365,3482.7575757575764,768.8939393939394,798.9090909090909,1429.469696969697,485.4848484848485,458.4848484848485,24
98,98,98,AUI-10317,18,"8309 Louise Ave, Los Angeles, CA",34.221544,-118.5102314,3.996614179837621,23,-0.6549036833902675,32.95384615384615,1.1214032191782055,93393.72307692307,4139.553846153846,840.123076923077,919.2,1735.6461538461538,644.5846153846154,548.7121212121212,18
99,99,99,AUI-10310,2,"7537 Balboa Blvd, Los Angeles, CA",34.207544,-118.501288,2.1500060034103607,29,-0.5133844319820587,32.121212121212125,0.9734462449520964,94851.78787878787,4571.924242424242,960.121212121212,1021.6060606060606,1860.666666666667,729.530303030303,563.7272727272727,2
100,100,100,AUI-10313,23,"18099 Rinaldi street, Los Angeles, CA",34.278644799999995,-118.5274194,1.4517765009922,4,-0.5473043369567417,32.666666666666664,0.9365788149124636,79764.80303030302,4621.757575757576,1071.1666666666667,1060.621212121212,1885.0,604.969696969697,426.6212121212122,23
101,101,101,AUI-10312,40,"21900 Plummer St, Los Angeles, CA",34.242412200000004,-118.6042211,1.0113106121065203,27,-0.4868897490346722,31.52,0.8363288474813589,92234.96,3960.18,734.88,1100.8,1579.56,544.94,616.5555555555555,40
102,102,102,AUI-10307,12,"10567 Mason Ave, Los Angeles, CA",34.261771,-118.5798527,1.9753361956240671,34,-0.6209458539780558,32.648148148148145,0.9444608704460074,93596.94444444444,3831.0535714285716,820.2678571428571,864.4821428571429,1614.178571428571,532.125,574.2142857142858,12
103,103,103,AUI-10387,8,"5350 San Vicente Blvd, Los Angeles, CA",34.0525027,-118.3512399,2.354567629764744,36,0.1920385169630953,30.15151515151515,0.4561684760726335,84535.04545454546,4304.787878787879,780.8636363636364,1140.3181818181818,1700.0151515151513,683.5909090909091,524.4848484848485,8
104,104,104,AUI-10294,33,"1143 S Beverly Dr, Los Angeles, CA",34.0565394,-118.39647820000002,1.3175691711629178,43,-0.3193321118592737,29.13636363636364,0.527762741616275,110853.54545454547,4168.181818181818,742.2575757575756,982.0757575757576,1726.1212121212118,717.7272727272727,756.1818181818181,33
105,105,105,AUI-10292,12,"664 S Central Ave, Los Angeles, CA",34.0372306,-118.2405573,1.3046871049879785,103,0.5482466786629889,32.36363636363637,0.5675216023357915,49835.606060606064,3797.89393939394,866.8939393939394,1111.0,1407.9848484848487,412.0151515151515,239.77272727272728,12
106,106,106,AUI-10295,57,"5931 W 18th St, Los Angeles, CA",34.0438008,-118.37153290000002,3.43574240199742,28,-0.02363479092190357,29.818181818181817,0.4813877717855721,84912.21212121213,4075.4696969696975,738.1666666666665,1032.2727272727273,1635.1818181818182,669.8484848484849,568.6212121212121,57
107,107,107,AUI-10296,58,"6299 W 87th St, Los Angeles, CA",33.9585605,-118.3947537,2.11545358445696,35,-0.15935337394260346,30.566037735849058,0.5330068199471336,85853.03773584905,3541.181818181818,680.8333333333334,774.0151515151515,1539.333333333333,547.0,632.3921568627451,58
108,108,108,AUI-10290,45,"1398 S Orange Grove Ave, Los Angeles, CA",34.05147410000001,-118.3655228,4.022374488800914,28,-0.11830524260287345,30.24242424242424,0.4806715213323851,89421.10606060605,4059.2424242424236,747.8939393939394,1009.4848484848483,1647.8030303030305,654.060606060606,561.1818181818181,45
109,109,109,AUI-10318,17,"2442 Marengo St, Los Angeles, CA",34.0539241,-118.20177,1.7401164340016249,26,0.09070907634990534,31.25757575757576,0.5532280451387239,60166.015151515145,3726.439393939394,826.8787878787879,984.9848484848483,1457.6818181818182,456.8939393939394,326.469696969697,17
110,110,110,AUI-10319,10,"10108 Mason Avenue, Los Angeles, CA",34.254166999999995,-118.579712,1.8393308844390528,35,-0.6781618269828249,32.44642857142857,0.996672168131296,93216.55357142855,3951.5263157894733,802.9824561403508,899.1578947368422,1670.7894736842104,578.5964912280701,554.7017543859649,10
111,111,111,AUI-10316,11,"3022 S Grand Ave, Los Angeles, CA",34.0226929,-118.274234,1.3624408635231158,57,0.5503414037606217,31.46875,0.4816542381815736,49199.125,3713.409090909091,871.1060606060606,970.2727272727273,1436.666666666667,435.3636363636364,275.62121212121207,11
112,112,112,AUI-10281,8,"3000 W Slauson Ave, Los Angeles, CA",33.988735299999995,-118.3256819,2.8515902295122584,31,0.4770850834027368,30.984126984126984,0.5444805188659215,59099.33333333334,4408.6461538461535,1111.4153846153847,1161.5076923076922,1678.2307692307693,457.4923076923077,311.969696969697,8
113,113,113,AUI-10324,19,"11009 S Figueroa St, Los Angeles, CA",33.935441600000004,-118.28295690000002,1.2956723734747206,24,0.6682495044515684,31.424242424242426,0.713151020275953,48053.257575757576,4719.909090909091,1244.3181818181818,1246.3030303030305,1739.0,490.2878787878788,170.1818181818182,19
114,114,114,AUI-10323,11,"1033 W Pacific Coast Hwy, Los Angeles, CA",33.7906825,-118.2762558,1.3578733261270344,25,-0.32477543262627745,30.551020408163268,0.7115396669130049,96260.29090909092,3474.666666666666,772.4393939393941,749.9545454545455,1424.666666666667,527.6060606060606,487.672131147541,11
115,115,115,AUI-10311,101,"5160 Vineland Avenue, Los Angeles, CA",34.1641232,-118.3696155,5.510189462338861,59,0.9195241910303124,26.87692307692308,0.7226568690034341,100236.28070175438,3624.7424242424236,654.4545454545455,820.0454545454545,1578.7121212121212,571.530303030303,619.6060606060606,101
116,116,116,AUI-10299,20,"11410 Burbank Blvd, Los Angeles, CA",34.17184829999999,-118.3797377,1.7777486279813923,48,0.4963278712446354,27.953846153846154,0.721509828886198,101510.27118644069,3645.0454545454545,701.9242424242424,832.3333333333335,1560.3636363636365,550.4242424242424,573.9848484848485,20
117,117,117,AUI-10320,28,"21365 Erwin St, Los Angeles, CA",34.182931,-118.59696,1.2366033639533691,58,-0.7584214057047052,34.771929824561404,0.9072133202143571,104628.0,4417.098360655737,938.672131147541,794.688524590164,1890.1475409836066,793.5901639344263,557.1475409836065,28
118,118,118,AUI-10325,12,"8201 Tampa Avenue, Los Angeles, CA",34.219355,-118.553673,3.5554440967467964,19,-0.7387484599131133,33.30645161290323,0.8849477385680494,93580.93548387096,4088.560606060606,819.3030303030303,882.1969696969697,1715.8939393939395,671.1666666666666,652.1363636363636,12
119,119,119,AUI-10306,50,"6007 Variel Ave, Los Angeles, CA",34.179943200000004,-118.5933178,1.4508306914975797,38,-0.7561964330228425,34.36666666666667,0.8949199683269368,109774.85,4583.106060606061,996.5,849.1818181818181,1955.0151515151513,782.4090909090909,573.030303030303,50
120,120,120,AUI-10356,30,"7647 Canoga Avenue, Los Angeles, CA",34.209773,-118.5984299,1.1499631794669778,28,-0.953082112823768,34.24074074074074,0.9898246594619344,103370.68518518518,4545.37037037037,898.2407407407408,871.8888888888888,1936.203703703704,839.0370370370372,582.8333333333334,30
121,121,121,AUI-10338,15,"3845 Selig Pl, Los Angeles, CA",34.0685547,-118.1989767,1.5081887543315076,31,-0.1295390110500375,30.863636363636363,0.4802304899612634,63039.59090909091,3741.803030303031,719.4848484848485,1037.939393939394,1457.469696969697,526.9090909090909,373.3636363636364,15
122,122,122,AUI-10348,35,"10215 Palms Blvd, Los Angeles, CA",34.0272776,-118.4069342,1.3293802709739977,40,-0.058436634296293,28.731343283582092,0.4965336308621538,103901.07692307694,4587.611940298509,697.820895522388,1346.2388059701493,1856.6567164179105,686.8955223880598,632.3030303030303,35
123,123,123,AUI-10342,3,"9418 National Blvd, Los Angeles, CA",34.0310983,-118.396575,1.7788720344884263,54,-0.01954288494942769,28.09090909090909,0.5233633069660565,100953.140625,4462.242424242424,807.0454545454545,1095.5454545454545,1871.4545454545453,688.1969696969697,630.2121212121212,3
124,124,124,AUI-10297,18,"13308 Paxton St, Los Angeles, CA",34.276106,-118.422684,2.773440640402144,25,-0.2571750958609021,35.75806451612903,1.2008120886095308,69691.7258064516,3222.681818181818,666.0151515151515,743.030303030303,1323.2727272727273,490.3636363636364,446.3636363636364,18
125,125,125,AUI-10303,46,"1499 Gordon St, Los Angeles, CA",34.097803000000006,-118.320168,1.5414552708562692,87,0.8740857127933611,27.75,0.4546976168667891,85576.7627118644,4154.784615384616,755.9230769230769,1116.4615384615388,1706.215384615385,576.1846153846154,536.5151515151515,46
126,126,126,AUI-10305,23,"3211 Beverly Blvd, Los Angeles, CA",34.072617,-118.283315,2.2772356074925058,49,1.3970527282049263,29.63636363636364,0.3702969027038982,59327.78333333332,3644.303030303031,728.9393939393941,1067.378787878788,1431.6515151515152,416.33333333333326,412.46969696969705,23
127,127,127,AUI-10300,58,"3215 Beverly Blvd, Los Angeles, CA",34.072713,-118.283534,2.2817799356524344,49,1.411940487857478,29.5,0.3628933891989462,59147.26666666668,3668.7424242424236,739.530303030303,1078.9545454545455,1434.0757575757575,416.1818181818182,412.46969696969705,58
128,128,128,AUI-10301,5,"256 S Lafayette Park Pl, Los Angeles, CA",34.0675494,-118.2796614,1.5336287790329042,58,1.4857074762055755,28.62121212121212,0.39639694044689605,56942.20338983051,3680.5454545454545,765.1363636363636,1077.7878787878788,1433.030303030303,404.59090909090907,370.6515151515151,5
129,129,129,AUI-10327,2,"948 E Vernon Ave, Los Angeles, CA",34.0037883,-118.2591613,1.7214760234791568,33,0.7341883515109843,33.72727272727273,0.4951481742178721,44045.757575757576,4130.69696969697,1029.8636363636363,1180.6969696969695,1502.9545454545455,417.1818181818182,203.22727272727272,2
130,130,130,AUI-10332,97,"923 E 3rd St, Los Angeles, CA",34.0463078,-118.2341624,1.5012874245738157,89,0.366441623730279,32.333333333333336,0.5226935629554625,55244.07575757576,4013.363636363637,927.6363636363636,1097.090909090909,1515.333333333333,473.3030303030303,253.8636363636364,97
131,131,131,AUI-10350,65,"9850 Exposition Blvd, Los Angeles, CA",34.0288099,-118.4027129,1.5340442397843472,62,-0.1360360403949809,28.33333333333333,0.5098862511824075,104777.25,4685.742424242424,760.1515151515152,1289.5757575757575,1940.9848484848487,695.030303030303,631.0454545454545,65
132,132,132,AUI-10346,5,"1757 S Robertson Blvd, Los Angeles, CA",34.04769829999999,-118.3860416,2.9675952586119436,36,0.09710476129324946,29.723076923076924,0.531972499639576,100428.13114754099,4253.369230769231,735.6923076923077,1062.1692307692308,1721.2923076923078,734.2153846153847,645.5151515151515,5
133,133,133,AUI-10360,12,"2411 N Thomas Street, Los Angeles, CA",34.0740651,-118.2053002,1.7662221412998922,42,0.001912742926848879,30.25757575757576,0.4425573555139595,67550.15151515152,4016.318181818182,782.5606060606059,1052.2424242424242,1588.2575757575758,593.2575757575758,358.4242424242424,12
134,134,134,AUI-10334,26,"176 S Virgil Ave, Los Angeles, CA",34.0712476,-118.28635,1.510327191473094,59,1.2649805365557183,29.446153846153845,0.3490581343940611,57898.32203389831,3621.0615384615385,710.4769230769231,1049.5384615384612,1429.5692307692307,431.47692307692313,417.6969696969697,26
135,135,135,AUI-10304,16,"3619 Regal Pl, Los Angeles, CA",34.13395,-118.3632699,1.3703718009288741,53,1.0899113875194713,24.84375,0.5586155271860639,95356.18181818182,3123.575757575757,572.9090909090909,704.2727272727273,1309.560606060606,536.8333333333334,645.2272727272727,16
136,136,136,AUI-10370,14,"18744 Parthenia St, Los Angeles, CA",34.2278025,-118.5420773,3.74952623137464,33,-0.4617414534476764,33.6875,0.8423261367865749,89767.28125,3942.303030303031,867.3181818181819,836.969696969697,1612.560606060606,625.4545454545455,622.8181818181819,14
137,137,137,AUI-10343,27,"21021 Devonshire St, Los Angeles, CA",34.2574949,-118.5916991,1.3708343765867346,33,-0.5869564413883935,32.41818181818182,0.9053054521577064,90804.65454545453,3842.309090909091,757.3818181818183,980.8,1578.7454545454543,525.3818181818182,553.5090909090909,27
138,138,138,AUI-10368,10,"6945 Sepulveda Blvd, Los Angeles, CA",33.9742777,-118.394348,12.808157978210824,33,0.07374501715995968,31.137254901960784,0.4706442771768546,76823.5294117647,3148.5303030303025,621.7121212121212,806.6212121212121,1281.3636363636365,438.83333333333326,488.0545454545455,10
139,139,139,AUI-10354,16,"838 S Barrington Ave, Los Angeles, CA",34.0544555,-118.466163,1.2441002757808701,63,-0.8292493195662864,26.79310344827586,0.615045173201106,153149.7931034483,3256.0303030303025,648.969696969697,619.560606060606,1312.121212121212,675.3787878787879,965.9107142857144,16
140,140,140,AUI-10375,62,"4294 Coldwater Canyon Ave, Los Angeles, CA",34.1479032,-118.4135263,1.4026915366457606,43,-0.6144077736990461,29.46969696969697,0.7545584556947909,117669.98484848485,3896.106060606061,760.2727272727273,901.9090909090908,1599.8787878787882,634.0454545454545,653.8787878787879,62
141,141,141,AUI-10380,57,"4319 Whitsett Ave, Los Angeles, CA",34.14920499999999,-118.4054894,1.545023991576403,55,-0.22893381772170385,28.88888888888889,0.7317074955947059,111167.8524590164,3721.9384615384615,705.0923076923077,880.1538461538463,1532.8769230769228,603.8153846153846,656.3636363636364,57
142,142,142,AUI-10373,4,"15450 Plummer St, Los Angeles, CA",34.2423921,-118.4691955,1.688835577305606,27,-0.3186075748372973,32.34375,1.0233957690601203,73007.640625,4155.969696969697,957.9090909090908,1072.5151515151517,1629.9545454545455,495.59090909090907,462.3787878787878,4
143,143,143,AUI-10349,4,"11175 Glenoaks Blvd, Los Angeles, CA",34.273071400000006,-118.4114497,1.4743975048758058,28,-0.1808244489457655,34.524590163934434,1.1589232357665362,67120.03278688525,2959.8636363636365,638.7272727272727,714.2121212121212,1198.0151515151515,408.9090909090909,425.0757575757576,4
144,144,145,AUI-10355,17,"8932 Woodman Ave, Los Angeles, CA",34.232175700000006,-118.4378409,3.3742788626113764,28,-0.17007687912425795,29.94117647058824,0.5436185747515704,90087.64705882351,3750.651515151515,745.030303030303,809.1818181818181,1648.030303030303,548.4090909090909,627.9791666666666,7
145,145,146,AUI-10351,46,"17415 Vanowen St, Los Angeles, CA",34.19388989999999,-118.5124217,1.9615340610973317,26,-0.6776044382862325,31.48333333333333,0.9515403919714877,77588.21666666666,3716.060606060606,787.5454545454545,882.3787878787879,1539.030303030303,507.1060606060606,419.83333333333326,17
146,146,147,AUI-10341,8,"4349 E Valley Blvd, Los Angeles, CA",34.063514,-118.19118,1.7611487837384658,26,-0.4829333744847498,33.28787878787879,0.7622641607554036,96488.62121212123,4342.924242424242,881.3484848484848,1008.5,1765.1363636363635,687.9393939393941,530.4328358208954,46
147,147,148,AUI-10337,29,"1751 Westwood Blvd, Los Angeles, CA",34.051089399999995,-118.4385126,1.8992501948575056,79,-0.07925553729688713,30.46969696969697,0.4752225334973608,59600.42424242424,3719.515151515152,704.4848484848485,962.7121212121212,1504.7575757575758,547.560606060606,372.6060606060606,8
148,148,149,AUI-10378,95,"6959 Esplanade St, Los Angeles, CA",33.958586700000005,-118.4492361,3.7002741430072765,41,-0.5715208238969953,27.96969696969697,0.5213022137284826,137637.95454545456,3780.318181818182,607.8636363636364,845.1969696969697,1603.6363636363635,723.6212121212121,807.469696969697,29
149,149,150,AUI-10366,7,"1248 Westwood Blvd, Los Angeles, CA",34.05788870000001,-118.4431004,1.9455173522025504,93,-0.22476074834024284,28.13333333333333,0.3662830173998427,87162.43333333332,2362.423728813559,426.72881355932196,575.0,1000.0508474576272,360.64406779661016,669.3513513513514,95
150,150,151,AUI-10336,80,"4839 Laurel Canyon Blvd, Los Angeles, CA",34.15887379999999,-118.3968676,1.3181794233045443,36,-0.7241208300454608,27.363636363636363,0.5423839055600159,145347.18181818182,3637.712121212121,604.3030303030303,840.1666666666665,1516.3787878787882,676.8636363636364,842.2575757575756,7
151,151,152,AUI-10376,2,"7428 S Sepulveda Blvd, Los Angeles, CA",33.9731993,-118.3948075,1.4317269553925762,28,0.17953015802930428,28.5,0.7095872081276969,105456.2,3859.230769230769,760.4615384615386,816.8,1659.3538461538462,622.6153846153846,595.1212121212121,80
152,152,153,AUI-10382,21,"10654 W Magnolia Blvd, Los Angeles, CA",34.1648054,-118.36349640000002,1.2802249677556798,50,0.18853053849509724,31.12244897959184,0.4498067468284579,75021.4693877551,2967.818181818182,567.2272727272727,791.4545454545455,1194.7424242424242,414.3939393939394,486.03636363636366,2
153,153,154,AUI-10364,5,"6040 Jefferson Blvd, Los Angeles, CA",34.02042369999999,-118.380283,2.132059042399713,37,0.6693625793439975,27.04545454545455,0.7303822265237149,99925.66101694916,3835.0757575757575,688.6969696969697,867.8787878787879,1659.9545454545455,618.5454545454545,611.8787878787879,21
154,154,155,AUI-10389,15,"5263 Packard, Los Angeles, CA",34.0507581,-118.3511493,2.295242012493077,34,-0.11730687544276915,28.66666666666667,0.5048162463728401,85256.31818181818,4530.590909090909,827.2575757575756,1184.2575757575758,1810.833333333333,708.2424242424244,560.3484848484849,5
155,155,156,AUI-10388,8,"9818 Reseda Blvd, Los Angeles, CA",34.249297,-118.535973,2.1556143420500424,31,0.16080947280638425,30.272727272727273,0.4736291263735044,84036.81818181818,4498.954545454545,853.7878787878788,1135.060606060606,1787.6969696969695,722.4090909090909,509.0757575757576,15
156,156,157,AUI-10363,4,"8800 S Hoover St, Los Angeles, CA",33.9572904,-118.2863728,2.499488649283731,34,-0.5744269299426067,32.96666666666667,0.9084278176090336,82005.23333333334,3762.560606060606,836.3787878787879,835.469696969697,1556.6212121212118,534.0909090909091,561.3181818181819,8
157,157,158,AUI-10390,29,"9889 Beachy Ave, Los Angeles, CA",34.251165,-118.4415257,1.561417413973934,18,0.678133294094871,31.439393939393934,0.6632452366268968,50172.757575757576,4708.787878787879,1201.8636363636365,1256.1818181818182,1777.6969696969695,473.04545454545456,162.93939393939394,4
158,158,159,AUI-10385,4,"10645 Glenoaks Blvd, Los Angeles, CA",34.262751,-118.40008,2.162016969912512,20,-0.43885132802727655,33.45,0.9308698711099052,67560.16666666669,3748.590909090909,844.7121212121212,910.6969696969696,1466.3787878787882,526.8030303030304,482.6060606060606,29
159,159,160,AUI-10377,14,"2044 Reservoir St, Los Angeles, CA",34.07873,-118.262088,3.067335114979306,53,-0.16131192337078995,33.69230769230769,1.1233082836632473,68194.75384615385,3742.712121212121,807.1818181818181,913.3636363636364,1515.833333333333,506.33333333333326,391.06060606060606,4
160,160,161,AUI-10352,12,"7178 Tujunga Ave, Los Angeles, CA",34.200786,-118.37893400000002,1.8339325626229528,25,1.4823989192339482,27.861538461538462,0.4614855085993543,57158.62068965517,3725.9384615384615,742.3846153846154,1156.3846153846155,1383.8769230769228,443.29230769230765,335.72727272727275,14
161,161,162,AUI-10383,81,"11169 Weddington St, Los Angeles, CA",34.1670008,-118.3748155,1.3856321117237596,56,-0.2992284790347214,30.566666666666666,0.7249119900475542,83664.2,4384.552238805971,847.9104477611942,1092.955223880597,1863.7761194029847,579.9104477611942,416.54545454545456,12
162,162,163,AUI-10367,4,"5441 E Valley Blvd, Los Angeles, CA",34.074090000000005,-118.164775,1.3671740842319982,24,0.5590457570515913,27.49230769230769,0.7032423236912265,97850.44067796614,3586.090909090909,686.7878787878788,810.3181818181819,1539.3939393939395,549.5909090909091,612.0151515151515,81
163,163,164,AUI-10365,4,"8935 Mason Ave, Los Angeles, CA",34.23246719999999,-118.5798093,1.8124806268043068,26,-0.12343831146574635,30.17460317460317,0.7059814238430682,72051.41269841269,4385.287878787879,878.3181818181819,1026.0757575757575,1743.8030303030305,737.0909090909091,413.0,4
164,164,165,AUI-10379,48,"10949 Huston St, Los Angeles, CA",34.15992720000001,-118.3697512,5.439980208478613,63,-0.8705362280999179,33.83606557377049,0.9234280635443972,102798.03278688523,4133.704918032787,871.0491803278688,766.7540983606558,1800.622950819672,695.2786885245903,647.8666666666667,4
165,166,168,AUI-10357,3,"10634 Valparaiso St, Los Angeles, CA",34.0296115,-118.4149102,1.3806502914858363,36,0.7953263408414502,27.353846153846153,0.6978751495840796,101063.43103448275,3638.151515151515,644.0757575757576,861.1666666666665,1568.333333333333,564.5757575757576,601.7878787878788,48
166,167,169,AUI-10340,30,"4240 Fulton Ave, Los Angeles, CA",34.1478861,-118.4222236,1.3707003709133267,42,-0.12210188005668288,33.796875,1.1219390137342242,69478.1875,3677.121212121212,771.2878787878788,889.3939393939394,1504.3787878787882,512.060606060606,461.53030303030295,6
167,168,170,AUI-10344,12,"4236 Longridge Ave, Los Angeles, CA",34.1474861,-118.42091440000002,1.692765492495248,44,0.08759448695722136,30.592592592592588,0.5699260744002613,84660.11111111111,4354.424242424242,919.3484848484848,983.6666666666665,1843.6818181818185,607.7272727272727,456.0377358490566,15
168,169,171,AUI-10384,20,"7123 Tampa Ave, Los Angeles, CA",34.1998776,-118.5537878,4.095680486265488,24,-0.366698487003724,28.51515151515152,0.5291287656546952,113726.30303030302,4662.621212121212,739.8333333333335,1201.409090909091,1932.939393939394,788.4393939393941,700.4545454545455,3
169,170,172,AUI-10358,15,"13214 Moorpark St, Los Angeles, CA",34.1500812,-118.4208748,1.6479050240339042,42,-0.6917647858619094,29.578125,0.7822948051658967,124813.28125,3598.575757575757,709.5757575757576,753.6060606060606,1510.590909090909,624.8030303030303,698.4393939393941,30
170,171,173,AUI-10361,14,"11048 Huston St, Los Angeles, CA",34.1601042,-118.3711679,1.1563953709528283,63,-0.6910644064064009,29.578125,0.7790247343144021,124158.109375,3641.651515151515,719.9848484848485,778.7878787878788,1512.8181818181818,630.060606060606,691.3939393939394,12
171,172,174,AUI-10362,8,"998 S Hobart Blvd, Los Angeles, CA",34.05281000000001,-118.30517,1.8029744876164198,94,-0.8560411073761427,33.29032258064516,1.0118658075386278,110455.08064516127,3873.9242424242425,794.8484848484848,766.1060606060606,1617.9848484848487,694.9848484848485,609.1044776119402,20
172,173,175,AUI-10359,2,"10919 S Figueroa St, Los Angeles, CA",33.9368695,-118.282841,1.3402904344247737,26,-0.6792623757480848,29.723076923076924,0.7967832299320124,121508.0923076923,3962.5454545454545,775.5909090909091,890.3787878787879,1646.0151515151513,650.560606060606,683.7878787878788,15
173,174,176,AUI-10261,136,"729 N North Spring St, Los Angeles, CA",34.06047,-118.237689,1.5447096912550544,103,0.8227379105068936,27.49230769230769,0.7159797515474893,100060.13793103448,3571.1363636363635,656.1818181818181,800.4393939393941,1544.909090909091,569.6060606060606,606.969696969697,14
